,name,id,calories,sugars,fat,saturated fat,sodium
0,Honey Graham Crackers,38500,121,8.7,4.1,0.8,0.0892
1,Teenie's Accidental Rhubarb-Raspberry Pie,38501,377,26.4,16.2,2.5,0.31360000000000005
2,Green Papaya Salad,38507,45,3.9,1.6,0.2,0.36810000000000004
3,Watermelon Fruit Bowl,38521,179,39.8,0.7,0.1,0.023399999999999997
4,Japanese Style Teriyaki Sauce,38527,137,18.5,0.1,0.0,3.608
5,Tomatatoes,38528,306,5.1,12.5,7.6,0.105
6,Whimpies,38530,352,14.0,20.6,6.3,1.1778
7,Bagel and Cheese Bake,38553,250,2.8,13.5,6.0,0.4706
8,Caramelized Bacon,38554,185,26.7,6.2,2.0,0.3519
