,name,id,calories,sugars,fat,saturated fat,sodium
0,Tofu and Artichoke Risotto,35032,347,2.5,9.2,1.1,0.30260000000000004
1,Almond Dip,35055,456,1.8,40.4,10.2,0.414
2,Hamburger Sarah Style,35062,365,23.6,15.0,5.7,1.1479000000000001
3,Rhubarb Slush,35063,193,29.3,0.1,0.0,0.013900000000000001
4,Super Duper Zucchini Muffins,35064,295,22.0,13.0,2.8,0.24480000000000002
5,Rhubarb Cherry Crisp,35096,495,43.6,14.6,2.3,0.22619999999999998
